algorithm,validation_method,remove_outliers,scale_data,use_pca,params,time,conf_matrix,accuracy,precision,recall,f1,best_params
decision_tree_classifier,cross_validation,True,True,True,{'max_depth': 10},0.08700275421142578,"[[76.0, 73.0, 28.0, 9.0], [58.0, 47.0, 22.0, 9.0], [24.0, 19.0, 6.0, 0.0], [9.0, 9.0, 5.0, 1.0]]",0.3290538977561879,0.2404751033587584,0.22484392408875994,0.2236099917438313,
decision_tree_classifier,cross_validation,True,True,True,{'max_depth': 50},0.08208703994750977,"[[81.0, 63.0, 34.0, 8.0], [50.0, 44.0, 33.0, 9.0], [20.0, 19.0, 9.0, 1.0], [10.0, 8.0, 5.0, 1.0]]",0.34168016038245047,0.25408821590156455,0.24796427072229613,0.24319982110301833,
decision_tree_classifier,cross_validation,True,True,True,{'max_depth': 100},0.08192586898803711,"[[76.0, 71.0, 32.0, 7.0], [56.0, 41.0, 27.0, 12.0], [23.0, 20.0, 4.0, 2.0], [11.0, 7.0, 5.0, 1.0]]",0.3088133240804996,0.21789035295691395,0.21172492355528072,0.20890118289953005,
decision_tree_classifier,holdout,True,True,True,,0.0,"[[21, 11, 3, 2], [11, 8, 5, 3], [4, 5, 1, 0], [3, 1, 1, 0]]",0.379746835443038,0.24096596596596595,0.2396153846153846,0.240080971659919,default
decision_tree_classifier,cross_validation,False,True,True,{'max_depth': 10},0.09158110618591309,"[[83.0, 73.0, 18.0, 12.0], [61.0, 49.0, 13.0, 13.0], [20.0, 17.0, 9.0, 3.0], [7.0, 10.0, 5.0, 2.0]]",0.3620556712159766,0.2789667747686629,0.26994159431176357,0.26763096452005186,
decision_tree_classifier,cross_validation,False,True,True,{'max_depth': 50},0.08937454223632812,"[[85.0, 71.0, 22.0, 8.0], [56.0, 54.0, 16.0, 10.0], [20.0, 18.0, 7.0, 4.0], [8.0, 12.0, 3.0, 1.0]]",0.37227234173799056,0.2667797537130384,0.25831536550085527,0.25868509786456045,
decision_tree_classifier,cross_validation,False,True,True,{'max_depth': 100},0.09099769592285156,"[[88.0, 66.0, 16.0, 16.0], [52.0, 52.0, 20.0, 12.0], [18.0, 16.0, 9.0, 6.0], [7.0, 8.0, 7.0, 2.0]]",0.38227696815483075,0.2865754828423861,0.28195122081262064,0.2791141462114007,
decision_tree_classifier,holdout,False,True,True,,0.0,"[[25, 8, 3, 1], [7, 10, 8, 2], [1, 6, 3, 0], [1, 2, 2, 0]]",0.4810126582278481,0.33651151151151154,0.32685237556561086,0.3280882683619862,default
decision_tree_classifier,cross_validation,True,False,True,{'max_depth': 10},0.05463004112243652,"[[82.0, 61.0, 31.0, 12.0], [58.0, 55.0, 17.0, 6.0], [22.0, 20.0, 7.0, 0.0], [5.0, 12.0, 7.0, 0.0]]",0.3644074331097232,0.2523133138682039,0.24735322493546175,0.24364202790534484,
decision_tree_classifier,cross_validation,True,False,True,{'max_depth': 50},0.054842472076416016,"[[75.0, 65.0, 30.0, 16.0], [48.0, 55.0, 19.0, 14.0], [19.0, 20.0, 7.0, 3.0], [3.0, 10.0, 10.0, 1.0]]",0.34937157837921196,0.2486362569981131,0.259400873121304,0.2474349004354457,
decision_tree_classifier,cross_validation,True,False,True,{'max_depth': 100},0.05541515350341797,"[[86.0, 57.0, 33.0, 10.0], [60.0, 52.0, 17.0, 7.0], [19.0, 22.0, 7.0, 1.0], [4.0, 10.0, 10.0, 0.0]]",0.3670097925823117,0.2476719686804133,0.24689407018708096,0.24245983176419136,
decision_tree_classifier,holdout,True,False,True,,0.0,"[[22, 9, 5, 1], [15, 8, 2, 2], [6, 3, 0, 1], [3, 1, 0, 1]]",0.3924050632911392,0.27272272272272274,0.2648033126293996,0.26586345381526105,default
decision_tree_classifier,cross_validation,False,False,True,{'max_depth': 10},0.06700587272644043,"[[93.0, 68.0, 19.0, 6.0], [57.0, 61.0, 13.0, 5.0], [15.0, 21.0, 10.0, 3.0], [10.0, 10.0, 3.0, 1.0]]",0.417726887192536,0.3054349034528027,0.2901446129453603,0.2944155264053517,
decision_tree_classifier,cross_validation,False,False,True,{'max_depth': 50},0.06799483299255371,"[[87.0, 70.0, 17.0, 12.0], [58.0, 58.0, 14.0, 6.0], [13.0, 21.0, 9.0, 6.0], [8.0, 10.0, 3.0, 3.0]]",0.3975055902536819,0.3099299515593282,0.3054737781740727,0.29808416970624235,
decision_tree_classifier,cross_validation,False,False,True,{'max_depth': 100},0.06600332260131836,"[[95.0, 69.0, 15.0, 7.0], [57.0, 58.0, 15.0, 6.0], [17.0, 19.0, 8.0, 5.0], [9.0, 9.0, 3.0, 3.0]]",0.4152401881409515,0.31292100461841516,0.3303682317162485,0.3100608319772483,
decision_tree_classifier,holdout,False,False,True,,0.0,"[[19, 10, 6, 2], [8, 11, 5, 3], [4, 3, 0, 3], [0, 3, 2, 0]]",0.379746835443038,0.2302302302302302,0.25507765830346474,0.24155773420479304,default
decision_tree_classifier,cross_validation,True,True,False,{'max_depth': 10},0.03799939155578613,"[[100.0, 49.0, 23.0, 14.0], [55.0, 49.0, 26.0, 6.0], [22.0, 14.0, 9.0, 4.0], [7.0, 7.0, 7.0, 3.0]]",0.407510216670522,0.3061686012161548,0.31222462068726436,0.29968302018714826,
decision_tree_classifier,cross_validation,True,True,False,{'max_depth': 50},0.03807878494262695,"[[95.0, 50.0, 25.0, 16.0], [47.0, 63.0, 21.0, 5.0], [18.0, 17.0, 10.0, 4.0], [7.0, 11.0, 3.0, 3.0]]",0.43274346518621326,0.32297285127319636,0.32502436483528924,0.31636651396590354,
decision_tree_classifier,cross_validation,True,True,False,{'max_depth': 100},0.0385737419128418,"[[90.0, 60.0, 25.0, 11.0], [42.0, 63.0, 25.0, 6.0], [19.0, 14.0, 12.0, 4.0], [7.0, 8.0, 6.0, 3.0]]",0.4251484308736217,0.33221000616600155,0.3284670704105927,0.323509789985428,
decision_tree_classifier,holdout,True,True,False,,0.0,"[[21, 12, 4, 0], [11, 10, 2, 4], [5, 3, 1, 1], [2, 2, 1, 0]]",0.4050632911392405,0.25948448448448447,0.2584579772079772,0.2585282651072125,default
decision_tree_classifier,cross_validation,False,True,False,{'max_depth': 10},0.03499937057495117,"[[111.0, 55.0, 16.0, 4.0], [68.0, 45.0, 17.0, 6.0], [19.0, 21.0, 6.0, 3.0], [11.0, 9.0, 3.0, 1.0]]",0.41257999845786103,0.2766530404667258,0.2766135612817145,0.2695607531917533,
decision_tree_classifier,cross_validation,False,True,False,{'max_depth': 50},0.03400015830993652,"[[100.0, 62.0, 19.0, 5.0], [61.0, 45.0, 21.0, 9.0], [14.0, 20.0, 11.0, 4.0], [7.0, 10.0, 4.0, 3.0]]",0.40257537204102084,0.3026798010694319,0.31782225968965816,0.301202537910688,
decision_tree_classifier,cross_validation,False,True,False,{'max_depth': 100},0.03600049018859863,"[[105.0, 59.0, 17.0, 5.0], [57.0, 48.0, 23.0, 8.0], [15.0, 18.0, 12.0, 4.0], [7.0, 11.0, 4.0, 2.0]]",0.42285449919037704,0.31307294628400567,0.3106009696927162,0.3050556493877154,
decision_tree_classifier,holdout,False,True,False,,-0.0009992122650146484,"[[20, 12, 5, 0], [12, 8, 5, 2], [2, 5, 1, 2], [2, 1, 1, 1]]",0.379746835443038,0.2842092092092092,0.2866452991452992,0.2851852722103433,default
decision_tree_classifier,cross_validation,True,False,False,{'max_depth': 10},0.02899909019470215,"[[99.0, 50.0, 28.0, 9.0], [56.0, 49.0, 25.0, 6.0], [21.0, 15.0, 11.0, 2.0], [7.0, 8.0, 5.0, 4.0]]",0.412599275194695,0.3254625765121921,0.3224546736409015,0.315503295776505,
decision_tree_classifier,cross_validation,True,False,False,{'max_depth': 50},0.028998851776123047,"[[91.0, 55.0, 28.0, 12.0], [40.0, 61.0, 29.0, 6.0], [19.0, 13.0, 14.0, 3.0], [5.0, 9.0, 7.0, 3.0]]",0.42775079034621016,0.3349638999937788,0.33801120200721263,0.3273398532161516,
decision_tree_classifier,cross_validation,True,False,False,{'max_depth': 100},0.030005216598510742,"[[91.0, 53.0, 33.0, 9.0], [46.0, 57.0, 27.0, 6.0], [17.0, 13.0, 14.0, 5.0], [5.0, 8.0, 9.0, 2.0]]",0.4150474207726116,0.32370542770259414,0.3149760373370279,0.3108034224631474,
decision_tree_classifier,holdout,True,False,False,,0.0,"[[20, 12, 4, 1], [12, 11, 2, 2], [6, 4, 0, 0], [1, 2, 2, 0]]",0.3924050632911392,0.236986986986987,0.22303271441202474,0.22979323308270677,default
decision_tree_classifier,cross_validation,False,False,False,{'max_depth': 10},0.024152278900146484,"[[113.0, 50.0, 20.0, 3.0], [67.0, 47.0, 15.0, 7.0], [18.0, 19.0, 9.0, 3.0], [12.0, 9.0, 1.0, 2.0]]",0.43289767908088517,0.31017105753737445,0.3179270333436918,0.3051062765846649,
decision_tree_classifier,cross_validation,False,False,False,{'max_depth': 50},0.025004863739013672,"[[108.0, 54.0, 21.0, 3.0], [58.0, 47.0, 20.0, 11.0], [14.0, 17.0, 13.0, 5.0], [8.0, 9.0, 5.0, 2.0]]",0.4304302567661346,0.32154719882668487,0.3135980517059787,0.3114843554996083,
decision_tree_classifier,cross_validation,False,False,False,{'max_depth': 100},0.02499675750732422,"[[101.0, 58.0, 22.0, 5.0], [58.0, 49.0, 22.0, 7.0], [17.0, 17.0, 11.0, 4.0], [7.0, 8.0, 5.0, 4.0]]",0.41782327087670595,0.3219812963837203,0.3314125844856068,0.3197865289992345,
decision_tree_classifier,holdout,False,False,False,,0.0,"[[18, 14, 4, 1], [10, 11, 4, 2], [2, 5, 1, 2], [2, 1, 1, 1]]",0.3924050632911392,0.29847347347347347,0.2960013440860215,0.2957169142701377,default
svm_classifier,cross_validation,True,True,True,{'C': 0.01},0.06574368476867676,"[[165.0, 21.0, 0.0, 0.0], [116.0, 20.0, 0.0, 0.0], [34.0, 15.0, 0.0, 0.0], [15.0, 9.0, 0.0, 0.0]]",0.46836687485542444,0.26495726495726496,0.8229895104895105,0.19207414086124808,
svm_classifier,cross_validation,True,True,True,{'C': 0.1},0.06300044059753418,"[[165.0, 21.0, 0.0, 0.0], [116.0, 20.0, 0.0, 0.0], [34.0, 15.0, 0.0, 0.0], [15.0, 9.0, 0.0, 0.0]]",0.46836687485542444,0.26495726495726496,0.8229895104895105,0.19207414086124808,
svm_classifier,cross_validation,True,True,True,{'C': 1},0.06532692909240723,"[[135.0, 51.0, 0.0, 0.0], [92.0, 44.0, 0.0, 0.0], [19.0, 30.0, 0.0, 0.0], [11.0, 12.0, 1.0, 0.0]]",0.45313825275657343,0.2664060513540791,0.6321455945372176,0.23143985913729068,
svm_classifier,cross_validation,True,True,True,{'C': 10},0.07061600685119629,"[[129.0, 50.0, 7.0, 0.0], [74.0, 53.0, 9.0, 0.0], [18.0, 23.0, 5.0, 3.0], [7.0, 9.0, 7.0, 1.0]]",0.47586552548384614,0.30854047118004585,0.3677055792205248,0.30523988807621544,
svm_classifier,holdout,True,True,True,,0.0,"[[26, 10, 1, 0], [16, 6, 4, 1], [4, 5, 1, 0], [2, 1, 2, 0]]",0.4177215189873418,0.25623123123123126,0.23484848484848483,0.24194344404428442,default
svm_classifier,cross_validation,False,True,True,{'C': 0.01},0.08095335960388184,"[[186.0, 0.0, 0.0, 0.0], [136.0, 0.0, 0.0, 0.0], [49.0, 0.0, 0.0, 0.0], [24.0, 0.0, 0.0, 0.0]]",0.47091140411751103,0.25,0.8677278510293777,0.15988300425869936,
svm_classifier,cross_validation,False,True,True,{'C': 0.1},0.08186721801757812,"[[186.0, 0.0, 0.0, 0.0], [136.0, 0.0, 0.0, 0.0], [49.0, 0.0, 0.0, 0.0], [24.0, 0.0, 0.0, 0.0]]",0.47091140411751103,0.25,0.8677278510293777,0.15988300425869936,
svm_classifier,cross_validation,False,True,True,{'C': 1},0.08135342597961426,"[[141.0, 45.0, 0.0, 0.0], [87.0, 49.0, 0.0, 0.0], [23.0, 26.0, 0.0, 0.0], [10.0, 12.0, 2.0, 0.0]]",0.48099313748168715,0.2841286709223809,0.650748909873089,0.24791935814780683,
svm_classifier,cross_validation,False,True,True,{'C': 10},0.0814657211303711,"[[122.0, 54.0, 9.0, 1.0], [65.0, 57.0, 14.0, 0.0], [19.0, 22.0, 4.0, 4.0], [5.0, 9.0, 8.0, 2.0]]",0.4683475981185905,0.3128600873361562,0.3982725383165435,0.3168144699762951,
svm_classifier,holdout,False,True,True,,0.0,"[[29, 7, 1, 0], [15, 7, 4, 1], [4, 5, 1, 0], [1, 2, 2, 0]]",0.46835443037974683,0.2857607607607608,0.2625425170068027,0.26929909560723514,default
svm_classifier,cross_validation,True,False,True,{'C': 0.01},0.05673623085021973,"[[151.0, 35.0, 0.0, 0.0], [108.0, 28.0, 0.0, 0.0], [35.0, 14.0, 0.0, 0.0], [18.0, 6.0, 0.0, 0.0]]",0.45309969928290544,0.2635327635327635,0.8210417427284896,0.1860527010807538,
svm_classifier,cross_validation,True,False,True,{'C': 0.1},0.058997392654418945,"[[151.0, 35.0, 0.0, 0.0], [108.0, 28.0, 0.0, 0.0], [35.0, 14.0, 0.0, 0.0], [18.0, 6.0, 0.0, 0.0]]",0.45309969928290544,0.2635327635327635,0.8210417427284896,0.1860527010807538,
svm_classifier,cross_validation,True,False,True,{'C': 1},0.0602262020111084,"[[130.0, 56.0, 0.0, 0.0], [97.0, 39.0, 0.0, 0.0], [29.0, 20.0, 0.0, 0.0], [13.0, 11.0, 0.0, 0.0]]",0.42778934381987815,0.25591657044881994,0.7025957385321536,0.20072766233839542,
svm_classifier,cross_validation,True,False,True,{'C': 10},0.062308311462402344,"[[113.0, 55.0, 13.0, 5.0], [84.0, 41.0, 9.0, 2.0], [22.0, 20.0, 5.0, 2.0], [8.0, 9.0, 7.0, 0.0]]",0.4024789883568509,0.25746600188476804,0.3431344297475783,0.24385127575520862,
svm_classifier,holdout,True,False,True,,0.0,"[[16, 21, 0, 0], [13, 10, 3, 1], [7, 2, 1, 0], [2, 3, 0, 0]]",0.34177215189873417,0.2257007007007007,0.23720760233918128,0.22174603174603177,default
svm_classifier,cross_validation,False,False,True,{'C': 0.01},0.0635521411895752,"[[186.0, 0.0, 0.0, 0.0], [136.0, 0.0, 0.0, 0.0], [49.0, 0.0, 0.0, 0.0], [24.0, 0.0, 0.0, 0.0]]",0.47091140411751103,0.25,0.8677278510293777,0.15988300425869936,
svm_classifier,cross_validation,False,False,True,{'C': 0.1},0.06436467170715332,"[[186.0, 0.0, 0.0, 0.0], [136.0, 0.0, 0.0, 0.0], [49.0, 0.0, 0.0, 0.0], [24.0, 0.0, 0.0, 0.0]]",0.47091140411751103,0.25,0.8677278510293777,0.15988300425869936,
svm_classifier,cross_validation,False,False,True,{'C': 1},0.06666040420532227,"[[158.0, 28.0, 0.0, 0.0], [119.0, 17.0, 0.0, 0.0], [38.0, 11.0, 0.0, 0.0], [17.0, 7.0, 0.0, 0.0]]",0.44305651939239726,0.24565882051889512,0.7458461157311431,0.18765001645953436,
svm_classifier,cross_validation,False,False,True,{'C': 10},0.07800030708312988,"[[117.0, 59.0, 8.0, 2.0], [78.0, 48.0, 7.0, 3.0], [23.0, 21.0, 5.0, 0.0], [9.0, 11.0, 4.0, 0.0]]",0.4304109800293006,0.2751967300032893,0.42492583688643765,0.26217106470514523,
svm_classifier,holdout,False,False,True,,0.0,"[[22, 15, 0, 0], [13, 12, 1, 1], [5, 4, 1, 0], [2, 3, 0, 0]]",0.4430379746835443,0.28475975975975976,0.344187675070028,0.2792678287334855,default
svm_classifier,cross_validation,True,True,False,{'C': 0.01},0.05000424385070801,"[[165.0, 21.0, 0.0, 0.0], [116.0, 20.0, 0.0, 0.0], [35.0, 14.0, 0.0, 0.0], [17.0, 7.0, 0.0, 0.0]]",0.46836687485542444,0.26495726495726496,0.8219245399294488,0.19179289627882923,
svm_classifier,cross_validation,True,True,False,{'C': 0.1},0.04799771308898926,"[[165.0, 21.0, 0.0, 0.0], [116.0, 20.0, 0.0, 0.0], [35.0, 14.0, 0.0, 0.0], [17.0, 7.0, 0.0, 0.0]]",0.46836687485542444,0.26495726495726496,0.8219245399294488,0.19179289627882923,
svm_classifier,cross_validation,True,True,False,{'C': 1},0.048024892807006836,"[[140.0, 45.0, 1.0, 0.0], [89.0, 47.0, 0.0, 0.0], [24.0, 25.0, 0.0, 0.0], [11.0, 12.0, 1.0, 0.0]]",0.47335954969542754,0.2790087994312408,0.6477175380122561,0.24192843113676443,
svm_classifier,cross_validation,True,True,False,{'C': 10},0.057004451751708984,"[[126.0, 51.0, 9.0, 0.0], [73.0, 51.0, 12.0, 0.0], [19.0, 23.0, 4.0, 3.0], [7.0, 10.0, 6.0, 1.0]]",0.460675456858663,0.30074053563105013,0.3521470361557953,0.2930581350522177,
svm_classifier,holdout,True,True,False,,0.0,"[[27, 9, 1, 0], [14, 9, 3, 1], [3, 6, 1, 0], [2, 2, 1, 0]]",0.46835443037974683,0.2907657657657658,0.27494425863991084,0.27880626278699705,default
svm_classifier,cross_validation,False,True,False,{'C': 0.01},0.04999828338623047,"[[186.0, 0.0, 0.0, 0.0], [136.0, 0.0, 0.0, 0.0], [49.0, 0.0, 0.0, 0.0], [24.0, 0.0, 0.0, 0.0]]",0.47091140411751103,0.25,0.8677278510293777,0.15988300425869936,
svm_classifier,cross_validation,False,True,False,{'C': 0.1},0.050005197525024414,"[[186.0, 0.0, 0.0, 0.0], [136.0, 0.0, 0.0, 0.0], [49.0, 0.0, 0.0, 0.0], [24.0, 0.0, 0.0, 0.0]]",0.47091140411751103,0.25,0.8677278510293777,0.15988300425869936,
svm_classifier,cross_validation,False,True,False,{'C': 1},0.049999237060546875,"[[142.0, 44.0, 0.0, 0.0], [90.0, 46.0, 0.0, 0.0], [24.0, 25.0, 0.0, 0.0], [10.0, 13.0, 1.0, 0.0]]",0.475904078957514,0.28053023735326504,0.6460796491134846,0.24220377469759993,
svm_classifier,cross_validation,False,True,False,{'C': 10},0.05699753761291504,"[[122.0, 55.0, 8.0, 1.0], [63.0, 60.0, 13.0, 0.0], [19.0, 21.0, 6.0, 3.0], [4.0, 12.0, 6.0, 2.0]]",0.48099313748168715,0.33008017752259416,0.4168360858219349,0.3327524917132331,
svm_classifier,holdout,False,True,False,,0.0,"[[27, 9, 1, 0], [16, 7, 3, 1], [2, 7, 1, 0], [2, 2, 1, 0]]",0.4430379746835443,0.27224724724724725,0.25528368794326245,0.25927197802197804,default
svm_classifier,cross_validation,True,False,False,{'C': 0.01},0.04000234603881836,"[[126.0, 60.0, 0.0, 0.0], [100.0, 36.0, 0.0, 0.0], [30.0, 19.0, 0.0, 0.0], [15.0, 9.0, 0.0, 0.0]]",0.40984270182743465,0.24755799755799757,0.8042260159195642,0.14971196601227058,
svm_classifier,cross_validation,True,False,False,{'C': 0.1},0.04199981689453125,"[[126.0, 60.0, 0.0, 0.0], [100.0, 36.0, 0.0, 0.0], [30.0, 19.0, 0.0, 0.0], [15.0, 9.0, 0.0, 0.0]]",0.40984270182743465,0.24755799755799757,0.8042260159195642,0.14971196601227058,
svm_classifier,cross_validation,True,False,False,{'C': 1},0.04099845886230469,"[[141.0, 45.0, 0.0, 0.0], [106.0, 30.0, 0.0, 0.0], [33.0, 16.0, 0.0, 0.0], [16.0, 8.0, 0.0, 0.0]]",0.43274346518621326,0.25457875457875456,0.8164457070707071,0.17357012434488525,
svm_classifier,cross_validation,True,False,False,{'C': 10},0.03999781608581543,"[[130.0, 52.0, 4.0, 0.0], [90.0, 44.0, 2.0, 0.0], [18.0, 31.0, 0.0, 0.0], [9.0, 14.0, 1.0, 0.0]]",0.4405119901303107,0.26082399250043176,0.6298188688616458,0.2272592547375156,
svm_classifier,holdout,True,False,False,,0.0,"[[28, 9, 0, 0], [15, 12, 0, 0], [4, 6, 0, 0], [1, 4, 0, 0]]",0.5063291139240507,0.3003003003003003,0.7426075268817205,0.26815415821501015,default
svm_classifier,cross_validation,False,False,False,{'C': 0.01},0.04238772392272949,"[[186.0, 0.0, 0.0, 0.0], [136.0, 0.0, 0.0, 0.0], [49.0, 0.0, 0.0, 0.0], [24.0, 0.0, 0.0, 0.0]]",0.47091140411751103,0.25,0.8677278510293777,0.15988300425869936,
svm_classifier,cross_validation,False,False,False,{'C': 0.1},0.04302167892456055,"[[186.0, 0.0, 0.0, 0.0], [136.0, 0.0, 0.0, 0.0], [49.0, 0.0, 0.0, 0.0], [24.0, 0.0, 0.0, 0.0]]",0.47091140411751103,0.25,0.8677278510293777,0.15988300425869936,
svm_classifier,cross_validation,False,False,False,{'C': 1},0.0429990291595459,"[[186.0, 0.0, 0.0, 0.0], [136.0, 0.0, 0.0, 0.0], [49.0, 0.0, 0.0, 0.0], [24.0, 0.0, 0.0, 0.0]]",0.47091140411751103,0.25,0.8677278510293777,0.15988300425869936,
svm_classifier,cross_validation,False,False,False,{'C': 10},0.04700112342834473,"[[122.0, 62.0, 2.0, 0.0], [81.0, 53.0, 2.0, 0.0], [21.0, 28.0, 0.0, 0.0], [7.0, 15.0, 2.0, 0.0]]",0.4429986891818953,0.26539527582304767,0.6375314837100365,0.23588074932364236,
svm_classifier,holdout,False,False,False,,0.0,"[[30, 7, 0, 0], [16, 11, 0, 0], [5, 5, 0, 0], [1, 4, 0, 0]]",0.5189873417721519,0.30455455455455455,0.746082621082621,0.27039117769454846,default
knn_classifier,cross_validation,True,True,True,{'n_neighbors': 3},0.19787931442260742,"[[117.0, 61.0, 7.0, 1.0], [84.0, 42.0, 9.0, 1.0], [21.0, 20.0, 5.0, 3.0], [9.0, 10.0, 5.0, 0.0]]",0.4151052509831135,0.2652163385929938,0.24273362277748242,0.24891775311432018,
knn_classifier,cross_validation,True,True,True,{'n_neighbors': 5},0.0669410228729248,"[[121.0, 59.0, 5.0, 1.0], [77.0, 49.0, 9.0, 1.0], [21.0, 24.0, 3.0, 1.0], [10.0, 10.0, 4.0, 0.0]]",0.4378903539208883,0.2739285040776877,0.334987089763294,0.2573627070239086,
knn_classifier,cross_validation,True,True,True,{'n_neighbors': 10},0.06758594512939453,"[[123.0, 60.0, 3.0, 0.0], [85.0, 44.0, 7.0, 0.0], [27.0, 21.0, 0.0, 1.0], [10.0, 12.0, 2.0, 0.0]]",0.42275811550620707,0.2492188266108842,0.37357317681040875,0.22302370583699194,
knn_classifier,holdout,True,True,True,,0.0,"[[29, 8, 0, 0], [16, 10, 1, 0], [3, 7, 0, 0], [1, 3, 1, 0]]",0.4936708860759494,0.2885385385385385,0.4872448979591837,0.2595137420718816,default
knn_classifier,cross_validation,False,True,True,{'n_neighbors': 3},0.07844376564025879,"[[126.0, 52.0, 8.0, 0.0], [81.0, 46.0, 9.0, 0.0], [24.0, 17.0, 5.0, 3.0], [11.0, 8.0, 5.0, 0.0]]",0.4481648546534043,0.28424828563000487,0.34663782331198884,0.26670513718283023,
knn_classifier,cross_validation,False,True,True,{'n_neighbors': 5},0.08300042152404785,"[[121.0, 58.0, 5.0, 2.0], [82.0, 46.0, 6.0, 2.0], [27.0, 18.0, 2.0, 2.0], [9.0, 13.0, 2.0, 0.0]]",0.4279628344513841,0.25985870625922247,0.2419571867977289,0.24377100568277035,
knn_classifier,cross_validation,False,True,True,{'n_neighbors': 10},0.08600497245788574,"[[126.0, 59.0, 1.0, 0.0], [77.0, 56.0, 3.0, 0.0], [27.0, 20.0, 1.0, 1.0], [11.0, 10.0, 3.0, 0.0]]",0.4631621559102475,0.27855180391020923,0.4241205551914999,0.25487750199766723,
knn_classifier,holdout,False,True,True,,0.0,"[[29, 7, 1, 0], [16, 9, 2, 0], [4, 6, 0, 0], [4, 1, 0, 0]]",0.4810126582278481,0.27927927927927926,0.48461853978671043,0.25111111111111106,default
knn_classifier,cross_validation,True,False,True,{'n_neighbors': 3},0.0628964900970459,"[[119.0, 55.0, 10.0, 2.0], [78.0, 47.0, 9.0, 2.0], [25.0, 20.0, 3.0, 1.0], [12.0, 10.0, 1.0, 1.0]]",0.43029531960829664,0.2805929323505914,0.35237262737262737,0.26636581098092044,
knn_classifier,cross_validation,True,False,True,{'n_neighbors': 5},0.061475276947021484,"[[118.0, 62.0, 6.0, 0.0], [87.0, 43.0, 5.0, 1.0], [24.0, 23.0, 1.0, 1.0], [12.0, 12.0, 0.0, 0.0]]",0.41003546919577455,0.2430683406882066,0.30387700718631616,0.22271765962330017,
knn_classifier,cross_validation,True,False,True,{'n_neighbors': 10},0.0630178451538086,"[[124.0, 55.0, 7.0, 0.0], [85.0, 47.0, 3.0, 1.0], [24.0, 24.0, 1.0, 0.0], [10.0, 12.0, 2.0, 0.0]]",0.4354036548693037,0.26428418625913297,0.39245819776463775,0.23858876424475361,
knn_classifier,holdout,True,False,True,,0.0,"[[25, 11, 1, 0], [14, 12, 1, 0], [7, 3, 0, 0], [2, 3, 0, 0]]",0.46835443037974683,0.28003003003003,0.4836566091954023,0.25420168067226895,default
knn_classifier,cross_validation,False,False,True,{'n_neighbors': 3},0.06417632102966309,"[[128.0, 49.0, 7.0, 2.0], [78.0, 46.0, 8.0, 4.0], [22.0, 22.0, 3.0, 2.0], [9.0, 15.0, 0.0, 0.0]]",0.44801064075873237,0.2744225423901527,0.3722011975688446,0.26024815219695413,
knn_classifier,cross_validation,False,False,True,{'n_neighbors': 5},0.06700301170349121,"[[126.0, 55.0, 5.0, 0.0], [88.0, 41.0, 5.0, 2.0], [25.0, 20.0, 3.0, 1.0], [11.0, 12.0, 1.0, 0.0]]",0.43025676613462877,0.2649979800885283,0.34810468645673137,0.24568480954147884,
knn_classifier,cross_validation,False,False,True,{'n_neighbors': 10},0.06800174713134766,"[[126.0, 53.0, 7.0, 0.0], [94.0, 37.0, 4.0, 1.0], [27.0, 20.0, 1.0, 1.0], [12.0, 11.0, 1.0, 0.0]]",0.4151052509831135,0.24356780297471578,0.39675992931672527,0.22144754208707695,
knn_classifier,holdout,False,False,True,,0.0,"[[26, 10, 1, 0], [18, 8, 1, 0], [7, 3, 0, 0], [3, 2, 0, 0]]",0.43037974683544306,0.24974974974974976,0.4573268921095008,0.22285714285714284,default
knn_classifier,cross_validation,True,True,False,{'n_neighbors': 3},0.04900026321411133,"[[122.0, 58.0, 5.0, 1.0], [82.0, 44.0, 8.0, 2.0], [24.0, 16.0, 6.0, 3.0], [12.0, 8.0, 4.0, 0.0]]",0.4353458246588018,0.2803561529784737,0.28496132154668746,0.26777026353742206,
knn_classifier,cross_validation,True,True,False,{'n_neighbors': 5},0.049005746841430664,"[[121.0, 62.0, 3.0, 0.0], [80.0, 48.0, 7.0, 1.0], [24.0, 23.0, 1.0, 1.0], [9.0, 14.0, 1.0, 0.0]]",0.4303145963451307,0.2606484370876695,0.38874468836536086,0.2371821521333968,
knn_classifier,cross_validation,True,True,False,{'n_neighbors': 10},0.048865318298339844,"[[125.0, 58.0, 3.0, 0.0], [74.0, 54.0, 7.0, 1.0], [26.0, 22.0, 0.0, 1.0], [7.0, 14.0, 3.0, 0.0]]",0.4531768062302413,0.27100795191147004,0.31154413010106136,0.2440957848437679,
knn_classifier,holdout,True,True,False,,0.0,"[[29, 8, 0, 0], [14, 13, 0, 0], [3, 7, 0, 0], [3, 1, 1, 0]]",0.5316455696202531,0.3163163163163163,0.5100281491907108,0.28467607973421927,default
knn_classifier,cross_validation,False,True,False,{'n_neighbors': 3},0.048998117446899414,"[[127.0, 52.0, 7.0, 0.0], [80.0, 47.0, 8.0, 1.0], [24.0, 17.0, 6.0, 2.0], [11.0, 9.0, 4.0, 0.0]]",0.4556635052818259,0.2916032409513079,0.3580265619154508,0.2760655618166635,
knn_classifier,cross_validation,False,True,False,{'n_neighbors': 5},0.048000335693359375,"[[119.0, 60.0, 6.0, 1.0], [78.0, 50.0, 7.0, 1.0], [26.0, 19.0, 2.0, 2.0], [7.0, 15.0, 2.0, 0.0]]",0.4329555092913871,0.26520045100661754,0.32629800037056467,0.24777701809435557,
knn_classifier,cross_validation,False,True,False,{'n_neighbors': 10},0.08600473403930664,"[[121.0, 63.0, 2.0, 0.0], [78.0, 54.0, 4.0, 0.0], [27.0, 20.0, 1.0, 1.0], [5.0, 17.0, 2.0, 0.0]]",0.4455432184439818,0.26851935777701685,0.4080705876728201,0.2456477092307082,
knn_classifier,holdout,False,True,False,,0.0,"[[29, 8, 0, 0], [16, 9, 2, 0], [4, 6, 0, 0], [2, 2, 1, 0]]",0.4810126582278481,0.27927927927927926,0.48215686274509806,0.2513111888111888,default
knn_classifier,cross_validation,True,False,False,{'n_neighbors': 3},0.043000221252441406,"[[129.0, 48.0, 7.0, 2.0], [81.0, 45.0, 7.0, 3.0], [18.0, 22.0, 7.0, 2.0], [12.0, 10.0, 1.0, 1.0]]",0.460675456858663,0.30816022109963587,0.4045784201236939,0.29991741223494545,
knn_classifier,cross_validation,True,False,False,{'n_neighbors': 5},0.04000067710876465,"[[126.0, 53.0, 7.0, 0.0], [88.0, 41.0, 4.0, 3.0], [20.0, 26.0, 1.0, 2.0], [11.0, 11.0, 2.0, 0.0]]",0.42528336803145966,0.25017903753104626,0.23594129319361942,0.23052635988029246,
knn_classifier,cross_validation,True,False,False,{'n_neighbors': 10},0.041002750396728516,"[[127.0, 55.0, 4.0, 0.0], [83.0, 48.0, 5.0, 0.0], [19.0, 29.0, 1.0, 0.0], [7.0, 15.0, 2.0, 0.0]]",0.4454275580229779,0.269078658104511,0.5627943738086832,0.24250992193517273,
knn_classifier,holdout,True,False,False,,0.0,"[[24, 13, 0, 0], [15, 10, 2, 0], [7, 3, 0, 0], [1, 4, 0, 0]]",0.43037974683544306,0.25475475475475473,0.46099290780141844,0.2305764411027569,default
knn_classifier,cross_validation,False,False,False,{'n_neighbors': 3},0.0350031852722168,"[[128.0, 52.0, 4.0, 2.0], [81.0, 45.0, 7.0, 3.0], [18.0, 23.0, 6.0, 2.0], [9.0, 13.0, 1.0, 1.0]]",0.45562495180815793,0.3026094453210518,0.4023718962100693,0.2946629864687324,
knn_classifier,cross_validation,False,False,False,{'n_neighbors': 5},0.03599405288696289,"[[132.0, 48.0, 4.0, 2.0], [88.0, 41.0, 5.0, 2.0], [20.0, 23.0, 2.0, 4.0], [11.0, 11.0, 2.0, 0.0]]",0.44303724265556327,0.26170672330439754,0.2702043781982501,0.2449035774567734,
knn_classifier,cross_validation,False,False,False,{'n_neighbors': 10},0.03600478172302246,"[[131.0, 52.0, 3.0, 0.0], [82.0, 48.0, 6.0, 0.0], [22.0, 23.0, 3.0, 1.0], [10.0, 13.0, 1.0, 0.0]]",0.460636903384995,0.28171157310002554,0.44205853834741804,0.26290201378153316,
knn_classifier,holdout,False,False,False,,0.0,"[[30, 7, 0, 0], [14, 11, 2, 0], [8, 2, 0, 0], [2, 3, 0, 0]]",0.5189873417721519,0.30455455455455455,0.5084541062801933,0.2748351648351649,default
